章节,知识点,知识点详情
第一章,DIKW,DIKW由数据、信息、知识、智慧按照关联转化层次组成的转化机制（名词解释：2016年）。
第一章,公开信息,又称白色信息，是指传递和利用范围几乎没有任何限制的信息
第一章,非公开信息,又称黑色信息，传递和利用范围较小的内部信息和严格控制传递范围的秘密信息。
第一章,灰色信息,指没有公开的、潜在的信息，或需要通过一些合法的、特定的渠道才能获得的信息。（名词解释2009年）
第一章,零次信息,未经加工、零散的、不系统的、原始的信息
第一章,一次信息,根据第一手资料创造、形成的初加工信息 
第一章,二次信息,在一次信息基础上加工整理形成的引导和使用一次信息的信息。
第一章,三次信息,根据二次信息提供的途径获取并使用一次信息结合其他零次信息分析综合形成的高层次组织信息（简答题：2014年）
第一章,信息资源的社会功能（2020）,"个人：
1．确保行为有效――>技术窍门
2．带来充实活力――>武侠小说
3．提升个人能力――>完善知识结构，MOOC
组织：
4．实现科学决策――>日本三菱“更好的情报，更光明的未来”
5．维护稳定运行――>提升效率，节省人财物
6．指导成员行动――>指挥的作用
社会：
7．监控发展环境――>社会发展和经济建设
8．调整组成结构――>社会和谐与协调
9．继承社会遗产――>人类社会文明的记忆装置"
第一章,列举5个信息的特征（2022）,"1、广泛性和普遍性（信息无处不在）
2、可识别性和计量性（感官可知；可计量分析）
3、可存储性和转换性（信息可存储；形态不唯一） 
4、传递性和相对中立性 （时空传递；内涵中立）  
5、可处理性和再生性 （信息再加工；信息生命周期） 
6、共享性和可开发性 （反馈中丰富信息；科学理论指导开发）  
7、价值相对性和绝对性 （信息价值个体差异；同一价值一定）  
8、不完全性和不对称性 （反映不完全；绝对/相对的信息不对称（简答题：2013年））  
9、时效性和滞后性 （信息的时效周期；时间差的存在）  
10、有机性和差异性 （信息的组成要素；信息的聚散规律）"
第一章,"广义的信息资源（2, 2021）",是指人类社会信息活动中积累起来的以信息为核心的各类信息活动要素的集合（名词解释：2012、2021年）。
第一章,信息资本（2013）,直接或间接获得价值增量或经济收益的信息资源（名词解释：2013年）。
第一章,信息资产,是可以用货币形式核算和可以用价值计量的信息储备。
第一章,信息财富观（2012）,"是以有形财富与无形财富相结合，无形财富越来越占主导地位为特征的财富观。
信息成为财富的原因：人们可以运用信息资源使非资源转化为资源；运用信息资源部分替代其他资源；运用信息资源开发信息产品和服务；运用信息资源促进资源合理分配；运用信息资源扩大经济增值空间；运用信息资源制定有效的发展策略。（简答题：2012年）"
第一章,信息资源三角形（2019）,信息资源三角形是指：信息服务（目的和内容）、信息源（资源、来源、渠道）和信息系统（方法、工具、有序化）（名词解释：2019年）
第一章,信息资源链（2015）,信息资源链由事实、数据、信息、知识、智慧构成的链式结构（名词解释：2015年）。
第一章,生产率悖论（2011）,信息技术的巨额投资并没有带来生产率的增长，而是使生产率的增长停滞不前或下降（简答题：2011年）。
第一章,"信息资源的构成要素（2, 2022）","（一）信息生产者：是信息资源的元资源，是信息资源的基础，信息生产者也可以是信息的消费者，在信息消费链中信息用户角色可转化。
（二）信息：是信息资源的本资源，是信息资源的核心。
（三）信息技术：是信息资源的表资源，是为信息的开发利用而产生的，是信息资源的延伸，是加工处理和传递有用信息的各种技术的集合。
（简答题：2018、2022年）"
第一章,"信息资源的特征（2, 2023）","一般经济学特征：
1．需求性：信息不仅本身就是一种重要的生产要素，可以取代（或部分取代）物质原料等非信息投入要素，而且可以通过与这些非信息要素的相互作用，使之增值。
2．稀缺性：信息资源的稀缺并非空间形式的稀缺，更多的是一种时间形式上的稀缺。
3．可选择性：由于信息资源具有极强的渗透性，所以同一信息资源可以作用于不同的对象，并产生不同的效果。经济活动者可以根据这些不同对象所产生的不同效果对信息资源的使用领域进行选择。
特殊型（个性）：
1．相对共享性：不同利用者对信息资源的利用不存在绝对的竞争关系，可以同等程度地共享某一信息资源。
2．不可分割性：信息资源在生产过程和使用过程中具有不可分割性。实现其使用价值，信息资源集合是必要的。
3．不可替代性：不同种资源的信息必定是完全不同的。
4．有效配置性：信息资源具有开发和驾驭其他资源的能力。"
第一章,"信息计量学（2, 2019）",信息计量方法的理论基础是应用数学方法研究，描述信息过程、现象与规律的一门学科，对信息活动中的一切可计量单元进行科学分析并揭示其规律（名词解释：2012、2019年）。
第一章,先验信息（2015）,先验信息就是信宿在接收到信源所发出的信息之前事先了解到的关于随机事件的不确定性
第一章,后验信息（2015）,后验信息就是信宿在接收到信源所发出的信息之后所产生的关于随机事件的不确定性
第一章,"实得信息（2, 2023）",实得信息就是信宿在信息输入过程中消除了的不确定性，以及认识主体在认识过程中所获得的信息量（名词解释：2020年）
第一章,"引文分析法（2, 2020）",引文分析法即以引文统计数据为基础对信息可计量单元之间的引用和被引用现象进行分析研究，从而揭示其数量特征和内在规律（名词解释：2014、2020年）。 
第一章,引文耦合（2017）,引文耦合：若两个文本同时引用一篇或多篇相同文本，则这两个文本即具有引文耦合关系。他们引用的相同文本的数量及耦合强度，耦合强度越大，表明两个文本的关系越密切（简答题：2009）。
第一章,同被引（2017）,同被引：两个文本同时被一个或多个相同文本引用，则这两个文本即具有同被引关系。同时被引用的相同文本的数量即同被引强度，同被引强度越高，两个文本的关系越密切（简答题：2009）。
第一章,自引（2017）,自引：文本责任者引用自己负有责任的文本或与他人合作的文本。
第一章,信息采全率（2017）,信息采全率指对某一信息系统全体用户而言，该信息系统所含的满足用户需要的信息在当时该系统内外所有满足用户需要信息中所占的比例（简答题：2017年）
第一章,"信息采准率（2, 2023）",信息采准率指对某一信息系统全体用户而言，该信息系统所含的满足用户需要的信息在该系统所有信息中所占的比例（简答题：2017年）
第一章,"布鲁克斯基本方程式（2,2024）",布鲁克斯基本方程式表述了信息的价值与人的知识结构或信息结构的相关性和发展变化（名词解释：2010年）。
第一章,沃尔肯斯坦因公式,沃尔肯斯泰因公式是信息对于信息用户使用价值的计算公式 
第一章,布拉德福定律（2011）,即科学文献数量与科学期刊数量关系：如果将科学期刊按照其刊载某个学科主题的论文数量，以递减顺序排列起来，就可以在期刊中区分出载文率最高的核心部分和包含着与核心部分同等数量论文的随后几区，这时核心区和后继各区所含的期刊数量成1:a:a2……的关系（简答题：2011年）。
第一章,洛特卡定律,它描述了著者与文献数量的关系。根据洛特卡定律，任何一组作者的作品数量与其产出一定量作品的作者人数成反比。也就是说，少数作者产出了大部分的文献，而大多数作者只产出很少的文献。
第一章,齐夫定律,它揭示了文献中词汇的分布规律。在文献计量学中，齐夫定律描述了某个单词在文献中出现的频率与该单词在所有单词中的排名成反比。也就是说，频率最高的单词在排名上位居前列（即排名数值较小），频率较低的单词在排名上位于后面（即排名数值较大）。
第二章,"信息环境（2, 2015）",信息环境，即社会信息环境，是与社会信息交流活动有关因素的集合，是影响整个社会信息交流活动的具体社会条件和社会基础的表征。
第二章,泛在网,泛在网（Pervasive Network）是一种普适、无处不在的网络环境，它是指计算机、传感器、通信设备等各种设备被网络连接起来，形成一个无处不在的、相互连接的、信息普及的网络环境，用户可以在任何时间、任何地点获取信息和服务。
第二章,盖茨法则,当硅谷的数字脑袋中有一个可笑的念头出现时，会迅速传播开来，并影响美国企业界的心理。
第二章,普莱斯法则,是指某一时期世界各国科技论文量和各国国内生产总值总体上呈正比例关系。
第二章,帕尔凯维奇定律,是指信息需求的增长与人均国民收入的平方大致成正比。
第二章,"信息社会主要理论（4, 2023）",德鲁克的知识经济论、贝尔的后工业社会说、托夫勒的第三次浪潮、奈斯比特的信息社会说 等（详情见博客专栏内容或书中相关描述）
第二章,马丁信息社会五大标准,"马丁的信息社会五大标准：
1. 技术标准：信息技术成为社会的关键性能动力量
2. 社会标准：信息保证提高人们的生活质量
3. 经济标准：信息成为关键的经济因素，是资源，是服务活动，是流通的商品，也是就业和增值的源泉
4. 政治标准：信息能够增强民主和自由
5. 文化标准：信息具有文化价值"
第二章,恩格尔系数与信息系数（2014）,恩格尔系数越高，信息系数越低，两者关系呈反比。
第二章,信息社会的特征分析,"1. 信息数量激增：信息爆炸和信息激增，大数据时代已经到来。
2. 信息应用泛化：信息用户具有广泛性和信息工具的大众化水平。
3. 信息意识的强化：追求信息质量和信息行为的表现形式。如更多地人都喜欢使用简洁明了的markdown进行文本编辑，而非office。
4. 信息职业的扩大：信息职业就是创造、处理、存储和分配信息的职业，把专门进行数据管理或类似工作的人员称为灰领阶层。随着AI的迅速发展，出现了“提示词工程师”等职业，也许在某一天会出现一个新的AI阶层。
5. 信息经济的存在：信息交流是国民经济发展的倍乘因子。你有一个苹果，我有一个苹果，我们交换一下，也许就有一颗苹果树。
6. 信息功能的硬化：劳动者、劳动工具和劳动对象的渗透和融合发展。"
第二章,"灰领阶层（2, 2018）",信息职业就是创造、处理、存储和分配信息的职业，把专门进行数据管理或类似工作的人员称为灰领阶层。
第二章,麦特卡夫定律（2013）,网络的价值同网络用户数量的平方成正比，即N个连接创造出N*N的效益。网络中的价值不仅取决于其规模，还取决于连接设备的数量。
第二章,长尾定律（2017）,在网络时代，人们可能以很低的成本关注正态分布曲线的“尾部”，关注“尾部”产生的总体效益甚至会超过“头部”
第二章,国内外信息化主要测度方法（2019）,"国内：中国信息化发展指数、中国国家信息化指数、中国国家统计局社会信息化水平测度指数、中国社会信息化进程测度指数。
国外：日本信息化指数、产业信息化指数、IDC信息社会指数、马克卢普-波拉特信息经济规模测度、经济合作与发展组织知识经济测度、知识社会评价指标、世界经济论坛网络就绪指数、信息化扩散指数、国际电信联盟信息化发展指数、欧洲数字竞争力报告指数等"
第二章,"信息文化（5, 2022）",信息文化作为一种具有特殊内容和表现手段的文化形态，是人们在社会活动中依赖以信息、信息资源、信息技术为支点的信息活动而创造的物质和精神财富。
第二章,信息文化的一般特征,"1. 动态开发性：信息技术的发展日新月异，不断涌现新的技术和应用场景，例如人工智能、区块链等。
2. 即时发展性：信息技术的发展速度非常快，新技术和应用不断涌现，随时可以获得最新的信息和资源。
3. 技术推动性：信息技术在推动社会发展方面发挥着重要的作用，例如智能制造、智慧城市等新型产业的兴起。"
第二章,信息文化的时代特征（2009）,"1. 交往快捷化：随着网络技术的普及，人们可以通过社交媒体、即时通讯工具等方式快速地进行交流和互动，例如微信、微博等社交平台，使得信息的传播速度大大提高。
2. 道德多元化：信息时代的道德/观念比较多元化，人们的价值观和行为准则在不断地变化，例如网络上的某些言论和行为会因为不同的背景和文化而产生不同的解释和评价。
3. 组织分散化：传统的组织形态在信息时代发生了很大的变化，例如互联网上的社群组织，由于成员可以随时加入和退出，组织形式相对于传统的组织更为灵活。
4. 生活个性化：信息时代赋予了人们更多的选择和自由，人们可以根据自己的兴趣和需求自主地获取信息和服务，例如基于个人兴趣和偏好推荐的信息服务和电子商务平台。
5. 结构复杂化：信息时代的结构比较复杂，例如由于信息和技术的发展，产业和经济结构发生了很大变化，如电子商务和移动支付等新兴产业的兴起和发展。"
第二章,SoLoMo（2016）,SoLoMo是社交、本地和移动的缩写，是指一种新的商业模式和营销策略。它融合了社交网络、本地化服务和移动技术，可以通过移动设备，让用户随时随地获取和分享信息。
第三章,信息交流,
第三章,拉斯韦尔公式（2012）,拉斯韦尔公式（5W）：谁，说了什么，通过什么渠道、对谁、取得了什么效果。
第三章,布雷多克公式（2012）,布雷多克公式（7W）：谁，说了什么，通过什么渠道，对谁、在什么情况下，为了什么目的，取得了什么效果。
第三章,信息交流栈模式（2020）,"严怡民、马费成等人提出信息交流的栈模式，主要通过信息交流的三个定义来描述，把信息流动中的社会环节称为信息栈，而信息源与信息栈之间，信息用户与信息栈之间就是一种委托与代理的关系。
 - 定义1：信息交流是指不同时间或空间上的认知主体之间相互交换共享信息的过程，
 - 定义2 ：社会信息流是一种社会信息现象，是信息从生产者S，而不是其他中介者经过或不经过其他社会环节，最终转移到使用者R的流动过程，
 - 定义3 ：信息栈W是信息从生产者S向使用者R流动过程中所经过的环节，W1 ，W2， Wn必须是人或人工系统，其功能是接收处理和传递信息。"
第三章,法约尔跳板（2009）,法国管理学家法约尔认为为了保证统一指挥，从最高权威者到最低层管理者等级系列是必要的，但在紧急情况下和解决例外问题时，上下级和各部门之间有必要跨越指挥链而进行直接的信息联系，建立及时交换信息的天桥或跳板，也就是法约尔跳板或法约尔桥，即尊重等级和横搭跳板的信息传递原则
第三章,共时信息交流,共时信息交流是横向信息交流，主要以消除信息的空间障碍为目标，以信息及时传递为主要手段的信息交流形式。
第三章,历时信息交流（2017）,历时信息交流是纵向信息交流，主要以消除信息的时间障碍为目标，以信息记录和保存为主要手段的信息交流形式。
第三章,无形的集体（2018）,在17世纪初期，欧洲科学家波义尔于1646年提出看不见的学院，又称无形的集体，指的是英国皇家学会的前身，由十几名杰出科学家组成的非正式科学信息交流群体，通常以某些学科或专业领域的知名人物为核心，由对某些学科或专业领域感兴趣的人组成，主要采用聚会等方式进行信息交流。
第三章,信息源,信息交流就是社会活动中的信息交流双方借助某种符号系统，利用某种传播渠道，在不同的时间和空间中实现的信息传输和交换行为。从本质上讲，信息交流是相互影响的双向性信息传播，即信息在时空中的移动和变化。
第三章,信息源的评价（2024）,
第三章,信息渠道,信息渠道即信息交流的渠道，就是各种信息得以交流和传递的物理过程和通道，信息渠道对于信息接受者也是一种信息源。
第三章,信息渠道的发展特征,"（一）效率差异性
由于传递机制、传输性能等方面的差异，不同的信息渠道具有不同的传递效率。信息渠道具有的效率差异性，使不同的信息渠道具有不同的信息交流效果。
（二）信源关联性
信息渠道具有既为信息源所选择，又约束信息源与信息用户匹配度的信源关联性。
（三）发展相容性
技术的不断进步和发展使新兴的信息媒介成为主导信息媒介，但传统的信息媒介并不会就此消亡，而是在相当长时间内与新兴信息媒介并存。
具有不同信息传播性能的信息载体和信息媒介之间将相互依存，相互补充，这就是信息渠道和信息媒介的发展相容性。"
第三章,媒介即信息（2015）,在传播学领域中，关于信息媒介著名学者麦克卢汉有一个著名的论断，及“媒介即信息”，他认为信息传播工具是人身体的延伸，媒介决定并限制的人进行联系与活动的规模和形式（2015年）。
第三章,信息用户（2022）,在社会信息管理活动中，把一切可以接受并且需要信息的人称为信息用户，简称用户。
第三章,信息需求（2023）,
第三章,"信息用户的发展周期（5, 2022）","信息用户存在一个循环往复的发展过程，体现了“非用户→理想用户→潜在用户和现实用户→忠实用户和一般用户”的发展周期性。
（一）理想用户
理想用户，在理想状态下，主要受信息机构或活动的性质和任务、信息市场分担和占用情况、现实参与和服务能力三个因素制约而形成最大限度地服务对象就是特定信息机构或活动的理想用户。理想用户可能出现分流。
（二）潜在用户，由于各种不确定原因没有参与特定信息活动或获得信息服务的用户，即潜在用户。（简答题：2014年）
（三）现实用户，参与特定信息活动或获得信息机构的服务的用户即现实用户或当前用户。（简答题：2013年、2014年）
（3）在特定信息活动或信息服务中，信息用户与信息活动的组织者必然形成三种关系：继续建立和维持良好的经常性关系，成为忠实用户；基本维持相互之间的信息联系，成为一般用户；逐步脱离或取消相互之间的信息联系，退化为非用户。"
第三章,信息需求规律的表现（2022）,"1. 用户信息需求的层次性结构：在信息需求从客观状态到表达状态的转换过程中，转换方式和外力影响的差异可能使具有同样客观状态的信息用户表达出来的信息需求各不相同

2. 信息需求的动态均衡性：

   - 信息下需求与信息的生产首先表现出某种程度的平衡性
   - 信息需求与信息生产动态均衡性正是信息管理和服务追求的目标
3. 信息需求的平衡与分化性
   - 罗宾汉效应: 对于具有相同需求环境的大多数用户，他们的信息需求总是比较平衡的。

   - 马太效应: 由于信息技术条件的缺乏、信息可获得性的差异、信息获得期望与现实的差距等原因，低水平的信息满足度可能形成信息用户的心理压抑，弱化信息用户的需求动机，抑制信息用户的信息需求，形成了不同信息用户的信息需求分化，即具有“马太效应”。

4. 个体与组织信息需求的差异性: 不同的信息用户以及不同个体和不同组织之间的信息需求具有差异性"
第三章,罗宾汉效应（2022）,对于具有相同需求环境的大多数用户，他们的信息需求总是比较平衡的，即具有“罗宾汉效应”。
第三章,马太效应（2022）,由于信息技术条件的缺乏、信息可获得性的差异、信息获得期望与现实的差距等原因，低水平的信息满足度可能形成信息用户的心理压抑，弱化信息用户的需求动机，抑制信息用户的信息需求，形成了不同信息用户的信息需求分化，即具有“马太效应”。
第三章,最小努力原则,从多方面加以考虑并结合主客观条件，选择一条符合自己条件和要求的道路，使自己付出最小努力而获得最大报偿。
第三章,信息行为（2021）,信息行为是与信息资源和信息渠道相关的全部人类行为的总称，包括主动和被动的信息寻求与使用行为
第三章,信息素养,能够认识到自己何时需要信息，能够检索、评估和有效利用信息的综合能力。
第三章,社会信息交流的基本矛盾,人类社会信息需求的日益增长和人类社会信息交流的相对滞后的矛盾，构成了一种基本矛盾状态。
第三章,社会信息交流的主要矛盾（2022）,"信息数量绝对激增和信息质量相对贫困
信息相对过剩和信息不虞现象
信息空间的广域和信息壁垒的存在
信息分布的复杂性和信息利用的有序性"
第三章,"信息质量相对不高的原因（3, 2023）","1. 信息数量增长的同时，信息也在不断地老化，信息的老化使得信息总量中有效信息的比率并不随着信息数量增长而绝对同步地上升。
2. 信息数量增长的过程中，有用信息和无用信息都在增长，即增长的信息中有相当一部分是无用信息。
3. 有用信息中，不同质量级别和不同信息形态的信息有不同的增长速度，质量高的信息数量少且增长慢。"
第三章,对等系统P2P,对等（Peer to Peer）系统，指两个或两个以上实体，在互联网上直接通信或协作，彼此共享包括处理能力、程序以及数据在内的共用资源。
第三章,"开放存取OA（2, 2023）",开放存取（Open Access）出版模式，基于订阅的传统出版模式以外的另一种选择，即“发表付费、阅读免费”的科学论文出版方式。
第三章,创新性公产,创新性公产，网络上数字作品的许可授权机制，致力于让任何创新性作品都有机会被更多人分享和再创造，共同促进人类的知识作品在其生命周期内产生最大的价值。
第三章,信息孤岛（2010）,信息孤岛是由于信息技术大力推进而产生的一种新的技术性信息壁垒。调节信息空间广域性和信息壁垒矛盾的关键是建立合理的社会信息交流管理规范，既保证信息空间的有效范围，又保证信息壁垒的合理存在。
第三章,信息迷航,信息迷航，即人们在互联网复杂的信息空间中因多种原因迷失了航向，不清楚其所处的位置，无法返回某个结点，忘记了浏览目标，有目的地寻找变成了一种无目的的漫游，从而导致人在在充满随机性的信息海洋中难于找到解决问题办法的现象。
第三章,"小世界现象（3, 2022）",小世界现象（六度分离），即每个人只需要很少的中间人（平均六个）就可以和全世界的人建立起联系，反映了信息交流与人际交往的关联性，且说明了信息传播在随机之中有规律可循
第三章,"信息分化（3, 2023）",信息分化：又称信息鸿沟、数字鸿沟、信息差距和数字差距，是由于信息技术的迅速发展与有效应用而导出的一种人类社会的不同信息活动主体之间的信息差距及其不断扩大的社会分化现象。
第三章,信息分化的别称,信息鸿沟、数字鸿沟、信息差距和数字差距
第三章,数字鸿沟形成的原因（2024）,是由于信息技术的迅速发展与有效应用而导出的一种人类社会的不同信息活动主体之间的信息差距及其不断扩大的社会分化现象。
第三章,信息垄断,信息垄断，指信息资源、信息设备与信息技术被不合理地分配、控制与享用的状况。 信息专控，把信息生产和传播严格限制在一定的范围内
第三章,信息污染,信息污染，由于信息数量的过分激增和信息有意或无意的错误性传播和使用而造成的对社会信息利用环境的负面干扰和影响。
第四章,信息技术,信息技术是人类开发和利用信息资源的所有技术手段的总称，是人的信息器官功能的延长、增强、补充和扩展。
第四章,"信息技术拟人性（2, 2015）",信息技术拟人性：即人类通过信息技术延长和扩展人类信息器官，以拟人的手段达到辅人的目的（简答题：2011；名词解释：2015年）。
第四章,信息人机共生性,信息人机共生性：即通过人类与信息技术的互补互动，努力实现二者的和谐统一与共同发展。
第四章,现代信息技术的组成（2024）,"从信息管理的角度来看，计算机技术、通信技术、传感技术、微电子技术等可以成为现代
信息技术的核心技术。其中，计算机技术是扩展人的思维器官处理信息和决策的能力；通信技 术是扩展人的神经系统传递信息的能力；传感技术是扩展人的感觉器官收集信息的能力；微电 子技术作为上述技术的基础，可以通过生产出具有高性能、低成本的芯片和元器件来扩展人对 信息的控制和使用能力。"
第四章,"信息技术的社会特征（2009）	","第一，发展支撑性。由于信息技术的基础作用和带头作用，信息、知识、智慧日益成为社会 发展的决定力量，信息技术竞争成为企业、组织和国家信息力竞争乃至实力竞争的重要方面之一。
第二，经济联结性。由于信息技术对生产力 要素的改造，信息劳动者、脑力劳动者、知识分子的作用日益增强，网络成为社会发展的基础 设施，新的社会经济形态已经形成，即数字经济和网络经济。
第三，投入风险性。信息技术是知识、人才和资金密集型的新兴技术体系，信息技术的研 究和开发需要投入大量的资金。"
第四章,"数据挖掘（2, 2015）",数据挖掘是利用各种分析工具，在海量数据中发现模型和数据之间关系的过程，这些模型和关系可以被用来分析风险，进行预测（名词解释：2010、2015年）。
第四章,人工智能,"人工智能就是用计算机来模拟人的智能代替人的部分脑力劳动。
"
第四章,AI的主要应用（2021）,主要包括：机器人、定理证明、专家系统、自然语言处理、机器翻译、智能检索、模式识别（简答题：2021年）。
第四章,数据仓库（2014）,数据仓库是一个面向主题的，集成的，相对稳定的，反映历史变化的数据集合（名词解释：2014年）。
第四章,信息安全（2024）,信息安全技术是研究计算机系统和通信网络内信息的保护方法，通过信息数据的监控，扫描、检测、加密、认证、防攻击、防病毒和审计等活动，实现系统内信息的安全，保密，真实和完整（名词解释：2013年）。
第四章,信息安全技术（2013）,信息安全技术是研究计算机系统和通信网络内信息的保护方法，通过信息数据的监控，扫描、检测、加密、认证、防攻击、防病毒和审计等活动，实现系统内信息的安全，保密，真实和完整（名词解释：2013年）。
第四章,物联网,IOT把所有物品通过信息传感设备与互联网连接起来进行信息交换和通信，实现智能化识别、定位、跟踪、监控和存储。
第四章,云计算（2019）,云计算技术是通过网络将庞大的计算处理程序自动分拆成无数个较小的子程序，交由多台服务器所组成的庞大系统经过搜寻，计算分析，再将处理结果回传给用户，计算分析，再将处理结果回传给用户（名词解释：2019年）。
第四章,SaaS（2023）,用软件解决方案，按需定制云端托管并维护软件
第四章,PaaS（2023）,提供软件应用的开发部署，环境底层操作系统等计算平台资源可以有效地降低硬件购置成本。
第四章,IaaS（2023）,强调弹性云概念，依据自身强大的数据中心与硬件基础设施作为服务的对象，用户按需付费购买所需的数据空间计算性能与定制等附加增值服务。
第四章,大数据5V特征（2016）,体量、多样、速度、价值、质量
第四章,信息技术服务三角形（2020）,顾客，服务人员，服务系统和服务战略组成。
第四章,首席信息官（2017）,首席信息官是负责一个公司或组织信息技术和系统所有领域的高级官员（名词解释：2017年）。
第五章,信息组织（2011）,信息组织，即信息序化或信息整序、信息加工，是指利用科学规则和方法，通过信息外在特征和内容特征的表征和序化，实现无序信息流向有序信息流的转换，保证用户有效获取和利用信息，促进信息有效流通和组合。
第五章,概念,概念是反映客观事物本质属性或特有属性的思维形式概括，是人们对事物的认识上升到理性认识阶段后的产物。
第五章,概念之间的关系（2016）,相容关系（同一关系、属种关系、交叉关系等）和不相容关系（并列关系、矛盾关系、对立关系等）（简答题：2016年）
第五章,概念的逻辑方法,"（一）概念的划分与概括
利用概念内涵由反映事物本质属性的概念因素构成，概念因素的增减可以形成新的概念，概念内涵与外延成反变关系等性质，对概念进行划分或概括形成更为专指或更为范指的新概念。
（二）概念的分析与综合
利用概念的交叉关系中两个概念外延的重合部分可以形成一个新概念，其内涵等于后来两个概念内涵之和，并与原来两个概念具有隶属关系的性质，将一个内涵较深的复杂概念分析为两个或两个以上内涵较浅的简单概念，或者将两个或两个以上的内涵较浅的简单概念综合为一个内涵较深的复杂概念。"
第五章,广义的信息构建（2010）,是指如何组织信息以帮助人们有效实现信息资源与其信息需求相匹配的一门艺术和科学。
第五章,信息构建的主要活动（2015）,信息构建的主要活动是组织信息内容、生成信息结构和设计信息界面，其直接目标是建立一个清晰的、易于理解的信息结构，最终目标是提供给用户一个良好的信息空间环境（简答题：2015年）
第五章,信息建筑师（2013）,21世纪专业化职业，代表着该时代对人类理解清晰、信息组织科学的集中需求。（名词解释：2013年）
第五章,用户体验（2，2024）,用户在网站上方便、快捷地满足其各种需求的行为和感受（名词解释：2016年）。
第五章,"信息描述（2, 2022）",信息描述是根据一定的管理规则和技术标准，对信息的外在特征和部分内容特征进行全面描述并予以记录的过程（名词解释：2021、2022年）。
第五章,元数据,元数据就是关于数据的数据，是任何用于发现、描述和定位网络电子资源的数据。
第五章,信息揭示,信息揭示即对信息的内容特征进行深层次揭示并转换成主题标识，形成一个科学地逻辑概念表示系统。
第五章,信息分析（2017）,信息分析即根据特定的目的和任务，对有关的大量信息进行全面地系统化、综合化和适用化加工，从而形成新信息的过程。
第五章,信息存储,信息存储是按照一定的规律、将各种信息有效地存放在一定的空间中，并能有效地得以索取。
第五章,FRBR（2020）,书目记录功能需求（FRBR）：以用户需求作为描述依据，建立了一个将资源对象基本属性及其对象关系与用户资源发现任务联系起来的概念模型（名词解释：2020年）。
第五章,RDF（2024）,是一种表示国际互联网资源信息的语言。
第五章,OWL,网络本体语言（OWL）：用于对本体进行语义描述，显性地表达本体中词汇的确切含义，揭示其间的语义关系，从而形成对领域知识的共同理解，并通过一定的限制与规划使本体具有一定的推理能力。
第五章,知识组织体系KOS（2017）,知识组织体系（KOS）是各种人类知识结构进行表达和组织的阐述语义工具的统称。
第五章,"KOS的特点（2, 2023）","A、具有从领域知识中抽象出的概念体系   
B、构建被精确定义的概念体系
C、支持概念体系的形式化描述     
D、支持概念体系的知识展示"
第五章,概念图,是表示概念和概念之间相互关系的空间网络结构图。
第五章,主题图,侧重以可视化方式表示知识概念间的相互联系，通过由主题、关联和呈现三个核心概念组成主题图数据模型，用以描述主题、主体间的关联性以及主题与资源实体之间的关系，并联结与其相关的资源。
第五章,分众分类法,由大众意见一致而产生的基于用户的分类体系（标签）
第五章,超文本,是一种管理文本的技术，是网络信息组织的基础。将文本信息存储在许多结节点，通过链接将这些节点连成网状结构。
第五章,自由文本,是对非结构化的文本信息进行组织和处理的一种方式
第五章,二次网络信息（2010）,二次网络信息是指对一次网络信息进行描述、揭示、分析和存储后，形成的有序化、系统化的网络信息资源。（名词解释：2010年）
第五章,搜索引擎（2012）,是目前Internet上对二次网络信息进行组织的主要形式，是报道，存储网络上一次信息的检索工具，其性质作用与传统文献检索工具相同（名词解释：2012年）。
第五章,"个性化信息定制（2017）	",通过用户定制获取用户的个性化信息并理解用户的需求，采用信息代理和信息过滤等方法，为用户提供更准确的网络信息服务。（简答题：2017年）
第六章,信息管理,信息管理是将信息从分散到集中，从无序到有序，从繁杂到精炼，使之不断适应社会需求并使其价值不断提升的过程。
第六章,知识经济（2022）,以现代科学技术为核心的，主要建立在知识和信息的生产、分配、使用和消费的基础之上的经济。
第六章,隐性知识,隐性知识指无法表达或难以表达的知识，多指个人长期实践中积累的经验和体会，有些内容无法记录和明确表达出来，但确实是一种客观存在的知识。
第六章,显性知识,显性知识指已经被解释、记录或形成文档的知识，这种知识显而易见，是人们学习知识的主要来源。
第六章,信息服务,信息服务就是特定的信息管理服务机构针对用户的信息需求或知识需求，及时地将信息和知识提供给用户。信息用户本质上就是一种信息的传递，是一个完善的结构性系统。
第六章,知识服务,知识服务可以为用户提供更为理想的支持，满足当前用户更高的要求。知识服务往往能够深层次挖掘文献资料的隐形知识点，进而也就能够为用户提供更为详细全面的知识内容，促使相关文献资料能够发挥出更强应用价值。
第六章,编译服务,将国内外文献资料进行筛选、分析、加工，从中提炼出能够满足用户需求的相关信息并编制成汇编、手册、选编等参考资料。
第六章,OATS,为用户提供所需要的单篇原始文献的服务
第六章,SDI（2009）,见书表6-4专门信息服务举例
第六章,馆际互借(ILL)（2011）,图书馆之间通过互相借阅、交换、馆际文献传递等方式，满足用户对本馆无法提供的资料的需求。
第六章,近期文献目次服务(CCS),提供一定学科或主题的核心期刊或会议论文集的最新目次或摘要，使用户了解该学科或主题的发展动态。
第六章,科技查新咨询服务,为满足科研人员的研究立项、成果鉴定、申请专利、申报奖励等方面的需要，通过手工与计算机检索等手段，运用对比方法、综合分析，提供其新颖性、先进性和实用性的文献依据。
第六章,OPAC（2014）,在网络上通过书目数据库检索，提供本图书馆或其他图书馆馆藏信息的查询服务
第六章,面向决策动向信息服务(NIS),针对决策者的需要，把有助于决策制定的信息以快报的方式动态地提供给信息用户。
第六章,数字参考咨询服务(DRS),见书表6-4专门信息服务举例
第六章,预印本服务,通过建立专门的信息系统或收藏机构，提供科研工作者自愿先于学术会议或通过互联网发布的非正式科研论文和科技报告等研究成果的全文或索引信息的发布和获取服务，是从早期的手稿寄存服务发展起来的。
第六章,ORI（2010）,动态地提供正在进行中的科研项目和计划的相关信息。
第六章,信息管理五法则（2024）,"（一）信息资源是为了用户
（二）每个用户都有其信息资源
（三）特定信息资源都有其用户
（四）节省信息人的时间
（五）信息管理是生长中的有机体"
第六章,社会栅栏机制,在个体信息的外化中，不但需要经过概念的逻辑组合，并以适当的方式对信息加以描述和记录，同时还经过某种社会栅栏的认可，才能进入社会信息流通。
第六章,社会学习鱼,为了有效发挥与个体知识信息状态有关的学习要素的作用，需要在特定的社会信息环境中创建，由学习观念，学习架构，学习促进与保障机制和学习行动共同构成的社会学习运行体系，可以形象地称为社会学习鱼。
第七章,信息道德（2014）,信息道德就是信息创造者，信息服务者和信息使用者在信息活动中普遍认同和共同遵守的，符合社会一般要求的行为和伦理规范（名词解释：2014年）。
第七章,网络不道德行为（2013）,"（一）有意地造成网络交通混乱或擅自闯入网络及其相联的系统
（二）商业性或欺骗性地利用大学计算机资源     
（三）伪造电子邮件信息
（四）盗窃资料、设备或智力成果     
（五）未经许可而查看他人的文件
（六）在公共用户场合做出引起混乱或造成破坏的行为"
第七章,信息自律（2020）,信息主体根据相关信息伦理和信息道德规范，对信息活动中自身信息行为的一种自我规范和约束，是信息伦理和信息道德的重要组成部分。
第七章,信息政策,信息政策是国家和社会组织为实现信息管理目标而规定的信息管理行为准则，是进行信息管理决策的指导方针，代表了国家和社会组织的基本管理思想，提供了信息管理的一般原则。
第七章,信息法律,信息法是由国家立法机关批准制定，并由国家执法机关的强制力保证实施已在信息活动中产生的社会关系，即以信息法律关系为调整对象的法律规范。
第七章,信息政策与法律的关系（2010）,"（1）联系
A、本质同一性，都是对信息资源进行人文管理的手段，具有不同程度的规范性。
B、发展继承性，信息政策是信息法律的重要基础，信息法律是信息政策的规范化、条文化。
C、应用上的制衡性，信息法律对于信息政策是制定和实施有一定的保障和制约作用，信息政策的制定和实施必须在不违背信息法律规定的前提下。
（2）区别
A、作用针对性：信息政策具有较强的针对性，信息法律更基本更普遍。
B、时效稳定性：信息法律比信息政策时效性长、稳定性高。
C、执行强制性：信息法律具有极高的约束力和强制执行性。
D、内容操作性：信息法律可操作性强，信息政策内容较笼统，可操作性相对不强。"
第七章,"知识共享许可协议（2, 2018）","知识共享许可协议是指作者在保留其作品的部分权利的同时，授权他人在特定条件下使用其作品的一系列规则（名词解释：2016、2018年）。
四个要素：署名、非商业性使用、禁止演绎、相同方式共享。"
第八章,信息经济,信息经济：是以信息技术为基础，信息产业为主导，依靠信息和知识发展的经济。
第八章,广义的信息商品（2011）,广义的信息商品泛指提供市场交换的一切信息产品和服务。
第八章,信息商品的特殊性,"（1）价值形态和载体的相对独立性。信息商品的构成一般包括信息内涵和信息载体两部分，能够真正创造新价值和构成信息商品价值的，是凝结在“有形”信息载体上的“无形”的信息内涵。
（2）所有权与使用权的有限分离性。在信息商品的交换中，买方不一定非要取得所有权，购买使用权即有可能达到自身的目的；信息商品的销售活动的完成，也不一定意味这卖方所有权的丧失。"
第八章,信息市场,信息市场是在信息商品生产和信息商品交换中产生和形成的信息商品交换场所，以及由信息商品所连接的信息生产、分配、流通和消费全过程中人与人之间的各种经济关系的总和。
第八章,信息企业,"信息企业是指从事信息生产、流通等经济活动，为满足信息市场消费需要并获取相应的盈利，进行自主经营、实行独立经济核算、具有法人资格的专门经济单位。
信息企业并不等同于信息机构，只有进入市场，并且按照市场经济规律运行的信息机构才能成为信息企业。"
第八章,信息产业,指国民经济活动中与信息产品和信息服务的生产、流通、分配和消费直接有关的相关产业的集合。
第八章,信息产业的特征（2020）,"（1）知识密集性     
（2）高度风险性    
（3）非均衡演化性"
第八章,电子商务（2009）,电子商务包括生产、流通、分配、交换和消费等环节中所用活动的电子信息化处理。其本质是企业利用电子方式在客户、供应商和合作伙伴之间实现在线交易、相互协作和价值交换。
第八章,电子商务模式（2013）,"（一）企业对企业的电子商务（B2B），企业与企业之间的交易，如公司通过互联网向它的供货商订货。
（二）企业对消费者的电子商务（B2C），即电子零售（2013）。
（三）消费者对消费者的电子商务（C2C），即使用个人网站或电子邮件等交换数据。
（四）企业对政府机构的电子商务（B2G），包括企业与政府机构之间的事物交易处理，如纳税等。
（五）消费者对政府机构的电子商务（C2G）。
（六）比特币P2P模式
线上线下（O2O）模式，指线下的商务机构与互联网结合，让互联网成为线下交易的前台。"
第八章,电子商务与传统商务（2012）,电子商务与传统商务活动方式相比，具有交易虚拟化、交易成本低、交易效率高、交易透明化等特点。如电子商务使得买卖上方的交易成本大大降低，减少交易环节，缩短交易时间；电子商务实行无纸交易，可减少大量的文件传递和处理的时间和费用。
第八章,电子数据交换（EDI）,电子数据交换（EDI），指在不同企业或组织间，依据一定的交换标准，将业务往来的数据资料转换成标准化格式，以电子形式在计算机之间进行传输，以降低人工操作的错误率和信息处理成本，提高文件处理效率，改善客户服务质量的一种管理系统工具。
第八章,信息管理经济杠杆,"（一）价格是一种灵敏度高且有效性强的经济杠杆，其经济基础是价格联系经济活动参与者的广泛性，价格对市场机制影响的灵敏性，价格在经济主体经济利益中的逆向性。
（二）税收的经济杠杆只能是通过调整税种和税的设置，目的税率的高低和税收征管权限等措施，引导经济活动的运行方向调整信息市场各方面的经济利益关系。
（三）信贷及信用借贷行为反映着借贷双方的商品货币关系和利息分割关系。
（四）工资是指按照劳动者所耗费的劳动，以货币形式支付的相应报酬，需遵循按劳分配规律。"
第九章,信息系统（2，2024）,信息系统是通过信息的收集、处理、存储、传递和交流而实现的信息从信息源到信息用户的职能系统（2010年）
第九章,管理信息系统,利用计算机技术、网络通信技术和信息处理技术等技术手段，提供信息以支持特定组织机构的运行、管理和决策的人机系统。
第九章,诺兰模型,"诺兰将信息系统发展划分为开发期、普及期、控制期和成熟期；后又将其修正为初始期、普及期、控制期、整合期、数据管理期和成熟期。
前三个阶段具有计算机数据处理时代的特征，后三个阶段现实出信息技术时代的新特点。信息系统必须从一个阶段发展到另一个阶段，不能跳跃式发展。"
第九章,DSS,决策支持系统，是一种以计算机为工具，应用决策科学及有关学科的理论与方法，以人机交互的方式辅助解决决策问题的信息系统。
第九章,ES（2011）,专家系统，是人工智能的重要分支，是一类具有专门知识和经验的计算机智能程序系统，一般采用知识表示和知识推理技术来模拟通常由领域专家才能解决的复杂问题（名词解释：2011年）。
第九章,信息系统的功能,"（一）信息系统的基本功能
信息系统的基本功能是通过信息、物质和能量在外界环境―信息系统―外界环境的循环中往复运动，最终体现对信息的采集、处理、存储、管理、检索和传递。
（二）信息系统的现实功能
（1）社会信息管理的重要方式
（2）社会决策活动的重要支撑
（3）社会正常运转的重要手段"
第九章,"信息系统生命周期（2, 2021）","信息系统开发的阶段性工作的延续和循环的秩序化过程称为信息系统生命周期。（名词解释：2016、2021年）
信息系统生命周期主要包括系统规划、系统分析、系统设计、系统实施和系统运行与维护五个阶段。"
第九章,结构化开发方法,"运用系统工程的思想和工程化的方法，按用户至上的原则，结构化、模块化、自顶向下地对系统进行分析与设计。
基本特点
（一）优点：强调系统开发过程的整体性和全局性，在整体优化经济结构的前提下，考虑具体的分析设计问题，即自顶向下的理念；严格区分开发阶段，强调按顺序一个个阶段严格进行，使每一个阶段工作有可靠的依据，避免开发过程的混乱状态，使系统开发的成功率得到提升。
（二）缺点：开发周期过长，开发过程复杂繁琐，难以适应迅速变化的环境；使用的工具落后"
第九章,原型法（2013）,在限定的时间内，用最经济的方法，开发一个可以实际运行的系统原型，通过运行原型，与用户共同对原型不断评价和修改，使之逐步完善，最终形成实际系统。其工作流程是用户提出要求，开发人员识别和归纳需求，迅速开发出原型，然后交付用户评价（名词解释：2013年）。
第九章,信息系统安全管理（2015）,信息系统安全管理是在充分分析信息系统安全风险和建立信息系统安全机制的基础上，制定信息系统的安全策略，采取先进、科学、适用的安全技术，对信息系统进行安全防护和监控，使系统具有灵敏、迅速的响应和动态调整的功能（名词解释：2015年）。
第九章,计算机病毒,计算机病毒指人为制造的，能自我复制的，能对计算机的信息资源和正常运行造成危害的一种程序，具有传染性，破坏性、寄生性和潜伏性。
第十章,IRP（2015）,信息资源规划，对企业、事业单位或政府部门的信息从产生、获取到处理、存储、传输和使用的全面规划，是信息化建设的基础工程，主要用于解决企业信息化中系统集中和系统重建问题（名词解释：2015年）。
第十章,ERP,企业资源计划：对企业的人财物等资源进行优化配置的方法，通常通过某种管理应用软件来实现，是从MRP和MRPII 到企业对人、财、物等多种资源的整合优化过程。
第十章,电子政务（2011）,电子政务（EG）是政府利用信息化手段实现各类政府职能的重要手段，其核心是应用现代信息技术，提高政府事务处理的信息流效率，改善政府组织和公共管理（名词解释：2011年）。
第十章,传统政务与电子政务（2014）,"（一）从管理观念看
传统政务是高成本、低效率的粗放管理方式，容易疏远政府与民众的关系；电子政务通过先进生产力来解放管理能力，可以促进政务公开和廉政建设，提高管理效率。
（二）从管理方式看
传统政务管理，大多以行政会议、直线指挥、垂直沟通为主，耗费了大量行政经费；电子政务利用现代信息技术加强全局管理，精简和优化政务流程，并通过虚拟办公，降低管理成本，使政务处理更加集约和便捷（简答题：2014年）。"
第十章,电子文件（2018）,电子文件，是以代码形式记录在磁带、磁盘、光盘等载体上，依赖计算机系统存取并可以在通信网络上传输的文件（名词解释：2018年）。
第十章,数字信息资源长期保存（2018）,"（一）数字信息资源长期保存，指如何及时、有效地对数字信息资源进行永久性保存，以保证未来用户可以检索、获取各种数据或记录（名词解释：2018年）。
（二）相关概念：策管、存档、保存
（三）技术：迁移、仿真、技术保存"
第十章,文献（2，2024）,文献是记录有知识的一切载体，主要指以文字、图形、符号、音频、视频等为主要记录手段的一切信息和知识载体（名词解释：2009年）。
第十章,文献的形式（2012）,"（一）非连续性：书、小册子、手稿、会刊、表……
（二）连续性：丛书、期刊、学报、报纸、年鉴……
（简答题：2012年）"
第十章,"数字图书馆（3, 2022）",数字图书馆是对有价值的图形、文本、语言、音像、影像等多媒体信息进行收集、组织规范性的加工，进行高质量保存和管理，实现知识增值，并提供在广域网上高速、横向、跨库连接的电子存取服务（名词解释：2012、2016、2022年）。
第十章,数字图书馆的发展趋势（2023）,"(1)信息资源的数字化和虚拟化
(2)信息利用的网络化和共享化
(3)信息检索的智能化和高速化
(4)服务对象的广泛化和全球化
(5)信息资源的优质化和集约化
"
第十章,MEMEX（2019）,是一种机械化的个人文件图书馆，即一种能实现远程存取的桌面系统，使个人能将其所有图书、记录和通信都存储起来（简答题：2019年）。
第十章,复合图书馆（2010）,复合图书馆是处在图书馆由传统图书馆向数字图书馆转变过程中的动态发展阶段，是印刷型文献与数字化文献有机结合、相互共存，传统图书馆和新型图书馆有机结合的全新的图书馆模式（名词解释：2010年）。
第十章,科学数据（2018）,科学数据，指人在认识世界、改造世界的科技活动中所产生的原始性数据，以及按照不同需求，系统加工的数据产品和相关信息（名词解释：2018年）。
第十章,科学数据管理,科学数据管理：指科学领域中，在从数据生成到数据失效的全过程中，对各种科学数据进行选择、验证、注释、组织、存储和长期保存的一系列活动和方法。
第十章,"科学数据管理活动（3, 2022）","(一)科学数据开发服务
(二)科学数据存储服务
(三)科学数据导航及检索服务
(四)科学数据管理咨询服务
(五)科学数据分析服务"
